q	artifact	file	sha256	expected_terminal_output
5	bundle	q5_master_bundle.jsonl	90fc8b3a1210f3397e9a6baef9c43a4cd7bdb347f3f418efd81ca75ec1dc62aa	q=5 branch inventory exhausted
5	verifier	q5_branch_closure_verifier_strict.py	ef1dd7e0e3b3d727bd71ead4f3aebeef0c4db89810f4f5fcd5d60ad072cefc26	
5	dependency	cert_verifier_q5_strict.py	58dfad5dfe72d0c7167c82981fcb98902ac920dffea4a9c16c2d6c3d49919706	
5	dependency	cert_verifier_domain_extension_parametric_q5_all_q5n.py	4802d522a59cb5e09f44aa651c4ae541eb0176b3d8ff3b98c7e7ae378b1679d4	
7	bundle	q7_master_bundle.jsonl	b49297450faef6f707044e6ad0b02e712d3475d1609ab2df37763f044320521d	q=7 branch inventory exhausted
7	verifier	q7_branch_closure_verifier.py	2643e2747d8ff52b740a9de2141982fabeb53e637ff3c92cc10b589fa6157e6c	
7	dependency	cert_verifier_q7_strict.py	d31f81ab20ade2113ce7fdd2ceb4b84cb75b1db0224a7adb8b0873b91c8068b9	
11	bundle	q11_master_bundle.jsonl	30ebf8c3beb98047e78419f7baaec153f4ceedf8a848c02ec9aaaec9127909e2	q=11 branch inventory exhausted
11	verifier	q11_branch_closure_verifier.py	b66828e75a0911b5c82cc67abb5293cdb43e8961c3bf7c878b6c02eec16c0491	
13	bundle	q13_master_bundle.jsonl	7e2b38f8c8e10a792a39f2bfc64db0fb332507b6607c9c693a04d8dbae437b22	q=13 branch inventory exhausted
13	verifier	q13_branch_closure_verifier.py	1f64d79777b0b20d630a4059ea063943221474b541e7b013aa34bb93e9c73561	
17	bundle	q17_master_bundle.jsonl	8619738b072708ef5379c45c2fdb1bafbb0d28a7f24262cbaf7b4e49d6682e4d	q=17 branch inventory exhausted
17	verifier	q17_branch_closure_verifier.py	c0c1650e38c69ddba4c8911e282a66430ffc71042fcb59e30bbe3d2879dc51bd	
